annotator_id,case_id,agent_name,agent_model,correct_answer,correct_answer_idx,step1_answer,step1_answer_belief,step1_is_correct,step2_answer,step2_answer_belief,step2_is_correct,step3_answer,step3_answer_belief,step3_is_correct,answer_changed_1_to_2,answer_belief_changed_1_to_2,answer_changed_2_to_3,answer_belief_changed_2_to_3,belief_change_1_to_2,belief_change_2_to_3,correct_to_incorrect,incorrect_to_correct,num_highlights,num_highlights_step2,session_start,step1_time,step2_time,step3_time,time_step1_seconds,time_step2_seconds,time_step3_seconds
anonymous,usmle_sample_0,default_agent,allenai/Llama-3.1-Tulu-3-8B-DPO,Binding to the 30S ribosomal protein,B,A,0.5,False,C,0.5,False,C,0.5,False,True,False,False,False,0.0,0.0,False,False,0,0,2025-11-19T17:24:50.256238,2025-11-19T17:27:20.482084,2025-11-19T17:27:54.699834,2025-11-19T17:27:57.177938,150.225846,34.21775,2.478104
6635054dfb8caedd407ca84b,usmle_sample_114,default_agent,meta-llama/llama-3.1-8b-instruct,The second CFTR  mutation was not detected by the testing obtained,E,A,0.5,False,A,0.25,False,A,0.06,False,False,True,False,True,-0.25,-0.19,False,False,0,0,2025-12-10T20:31:11.060030,2025-12-10T20:39:14.232925,2025-12-10T20:41:56.187667,2025-12-10T20:44:12.807481,483.172895,161.954742,136.619814
5dcf7b49523df00ae9c4e07e,usmle_sample_119,default_agent,meta-llama/llama-3.1-8b-instruct,Echocardiography with bubble study,E,B,0.71,False,B,0.78,False,B,0.78,False,False,True,False,False,0.07000000000000006,0.0,False,False,0,0,2025-12-10T16:47:06.500806,2025-12-10T17:00:36.879778,2025-12-10T17:00:43.634060,2025-12-10T17:00:54.499543,810.378972,6.754282,10.865483
67dc8ad530b342275638eaa6,usmle_sample_119,default_agent,meta-llama/llama-3.1-8b-instruct,Echocardiography with bubble study,E,E,0.91,True,E,0.91,True,E,0.91,True,False,False,False,False,0.0,0.0,False,False,0,0,2025-12-11T01:10:09.637495,2025-12-11T01:15:34.144436,2025-12-11T01:15:37.156377,2025-12-11T01:15:51.476715,324.506941,3.011941,14.320338
673feeafa80a279f5cc63e33,usmle_sample_11,default_agent,meta-llama/llama-3.1-8b-instruct,Open-labeled clinical trial,C,A,0.36,False,A,0.36,False,A,0.36,False,False,False,False,False,0.0,0.0,False,False,0,0,2025-12-10T19:02:06.642013,2025-12-10T19:03:09.253045,2025-12-10T19:04:44.997941,2025-12-10T19:07:17.416693,62.611032,95.744896,152.418752
67acb851f56c4346d17bea0a,usmle_sample_11,default_agent,meta-llama/llama-3.1-8b-instruct,Open-labeled clinical trial,C,A,0.43,False,C,0.47,True,C,0.47,True,True,True,False,False,0.03999999999999998,0.0,False,True,0,0,2025-12-11T00:53:10.046817,2025-12-11T00:54:23.676352,2025-12-11T00:55:39.864495,2025-12-11T00:56:46.169855,73.629535,76.188143,66.30536
6635054dfb8caedd407ca84b,usmle_sample_120,default_agent,meta-llama/llama-3.1-8b-instruct,Amiodarone,A,C,0.46,False,A,0.58,True,A,0.58,True,True,True,False,False,0.11999999999999994,0.0,False,True,0,0,2025-12-10T20:31:11.060030,2025-12-10T20:47:23.033616,2025-12-10T20:47:44.979902,2025-12-10T20:50:43.451307,971.973586,21.946286,178.471405
6632626985406fd15c206dcd,usmle_sample_123,default_agent,meta-llama/llama-3.1-8b-instruct,Echocardiography,C,B,0.5,False,B,0.5,False,B,0.5,False,False,False,False,False,0.0,0.0,False,False,0,0,2025-12-10T23:43:05.465786,2025-12-10T23:51:09.302742,2025-12-10T23:53:35.176121,2025-12-10T23:53:48.445598,483.836956,145.873379,13.269477
6710123050faa590f80d96e5,usmle_sample_124,default_agent,meta-llama/llama-3.1-8b-instruct,Serum albumin concentration,B,B,0.83,True,B,0.83,True,B,0.83,True,False,False,False,False,0.0,0.0,False,False,0,0,2025-12-11T02:20:31.918304,2025-12-11T02:24:10.840627,2025-12-11T02:25:09.301952,2025-12-11T02:29:40.923277,218.922323,58.461325,271.621325
671d1dcbc6f5d2e81501e24a,usmle_sample_124,default_agent,meta-llama/llama-3.1-8b-instruct,Serum albumin concentration,B,D,0.01,False,C,0.56,False,B,0.56,True,True,True,True,False,0.55,0.0,False,False,0,0,2025-12-10T15:51:38.318607,2025-12-10T15:58:07.198003,2025-12-10T15:58:18.564596,2025-12-10T15:58:35.368055,388.879396,11.366593,16.803459
5bcc60b95c2b810001dc68e2,usmle_sample_125,default_agent,meta-llama/llama-3.1-8b-instruct,Add fluticasone by metered-dose inhaler with a spacer to the regimen,B,C,0.57,False,C,0.57,False,B,0.57,True,False,False,True,False,0.0,0.0,False,False,0,0,2025-12-11T01:59:15.991932,2025-12-11T02:01:20.480906,2025-12-11T02:01:33.568926,2025-12-11T02:01:58.185033,124.488974,13.08802,24.616107
671d1dcbc6f5d2e81501e24a,usmle_sample_125,default_agent,meta-llama/llama-3.1-8b-instruct,Add fluticasone by metered-dose inhaler with a spacer to the regimen,B,B,0.69,True,B,0.69,True,B,0.69,True,False,False,False,False,0.0,0.0,False,False,0,0,2025-12-10T15:51:38.318607,2025-12-10T15:57:09.435827,2025-12-10T15:57:23.983202,2025-12-10T15:57:37.000451,331.11722,14.547375,13.017249
675a2ef45fbe0cc52b8403ae,usmle_sample_128,default_agent,meta-llama/llama-3.1-8b-instruct,Surgical biopsy of the oral lesion,B,B,0.5,True,B,0.5,True,B,0.5,True,False,False,False,False,0.0,0.0,False,False,0,0,2025-12-10T17:45:52.109892,2025-12-10T18:01:29.572448,2025-12-10T18:01:44.548339,2025-12-10T18:05:59.509838,937.462556,14.975891,254.961499
675a2ef45fbe0cc52b8403ae,usmle_sample_129,default_agent,meta-llama/llama-3.1-8b-instruct,Dilated cardiomyopathy,B,D,0.5,False,D,0.5,False,D,0.5,False,False,False,False,False,0.0,0.0,False,False,0,0,2025-12-10T17:45:52.109892,2025-12-10T18:06:57.134251,2025-12-10T18:07:24.959646,2025-12-10T18:07:40.547830,1265.024359,27.825395,15.588184
675a2ef45fbe0cc52b8403ae,usmle_sample_131,default_agent,meta-llama/llama-3.1-8b-instruct,Learning disorder,D,D,0.5,True,D,0.5,True,D,0.5,True,False,False,False,False,0.0,0.0,False,False,0,0,2025-12-10T17:45:52.109892,2025-12-10T17:54:18.966119,2025-12-10T17:55:20.033909,2025-12-10T17:58:30.490512,506.856227,61.06779,190.456603
604bfe99dcaa286218d25fca,usmle_sample_136,default_agent,meta-llama/llama-3.1-8b-instruct,Likelihood that more trials with positive results will be published,C,D,0.62,False,D,0.51,False,D,0.51,False,False,True,False,False,-0.10999999999999999,0.0,False,False,0,0,2025-12-11T04:33:23.222373,2025-12-11T04:37:44.419114,2025-12-11T04:37:54.354602,2025-12-11T04:38:29.145479,261.196741,9.935488,34.790877
63d5b810f3dbbd11e7e65870,usmle_sample_136,default_agent,meta-llama/llama-3.1-8b-instruct,Likelihood that more trials with positive results will be published,C,C,0.87,True,C,0.87,True,C,0.87,True,False,False,False,False,0.0,0.0,False,False,0,0,2025-12-10T20:00:26.470246,2025-12-10T20:08:00.343336,2025-12-10T20:08:10.965594,2025-12-10T20:08:32.004516,453.87309,10.622258,21.038922
6635054dfb8caedd407ca84b,usmle_sample_137,default_agent,meta-llama/llama-3.1-8b-instruct,Contact the organ bank for potential donation,B,B,0.3,True,B,0.6,True,B,0.65,True,False,True,False,True,0.3,0.050000000000000044,False,False,0,0,2025-12-10T20:31:11.060030,2025-12-10T20:57:40.787485,2025-12-10T20:59:52.506816,2025-12-10T21:04:58.639690,1589.727455,131.719331,306.132874
6710123050faa590f80d96e5,usmle_sample_140,default_agent,meta-llama/llama-3.1-8b-instruct,Hepatocellular carcinoma,C,C,0.8,True,C,0.8,True,C,0.8,True,False,False,False,False,0.0,0.0,False,False,0,0,2025-12-11T02:20:31.918304,2025-12-11T02:31:25.184870,2025-12-11T02:31:39.583032,2025-12-11T02:32:49.734845,653.266566,14.398162,70.151813
anonymous,usmle_sample_140,default_agent,meta-llama/llama-3.1-8b-instruct,Hepatocellular carcinoma,C,A,0.5,False,A,0.5,False,A,0.5,False,False,False,False,False,0.0,0.0,False,False,0,0,2025-12-10T17:07:00.907910,2025-12-10T17:07:26.730494,2025-12-10T17:07:45.087369,2025-12-10T17:11:31.488530,25.822584,18.356875,226.401161
5dcf7b49523df00ae9c4e07e,usmle_sample_149,default_agent,meta-llama/llama-3.1-8b-instruct,Ask clinical providers in the unit to identify what they believe to be the most common factors leading to nonremoval of central venous catheters,A,D,0.7,False,D,0.67,False,D,0.67,False,False,True,False,False,-0.029999999999999916,0.0,False,False,0,0,2025-12-10T16:47:06.500806,2025-12-10T17:01:09.279495,2025-12-10T17:01:15.336740,2025-12-10T17:01:30.855438,842.778689,6.057245,15.518698
60fce156003127285462a3bb,usmle_sample_14,default_agent,meta-llama/llama-3.1-8b-instruct,Separation of endothelial junctions,E,A,0.25,False,A,0.15,False,A,0.15,False,False,True,False,False,-0.1,0.0,False,False,0,0,2025-12-11T04:20:44.628430,2025-12-11T04:21:35.168727,2025-12-11T04:22:37.625222,2025-12-11T04:23:31.579369,50.540297,62.456495,53.954147
anonymous,usmle_sample_14,default_agent,meta-llama/llama-3.1-8b-instruct,Separation of endothelial junctions,E,D,0.5,False,D,0.74,False,D,0.74,False,False,True,False,False,0.24,0.0,False,False,0,0,2025-12-10T17:06:45.880073,2025-12-10T17:06:49.739454,2025-12-10T17:07:43.639348,2025-12-10T17:08:03.851664,3.859381,53.899894,20.212316
5dcf7b49523df00ae9c4e07e,usmle_sample_150,default_agent,meta-llama/llama-3.1-8b-instruct,Endoscopy,B,A,0.5,False,A,0.55,False,B,0.55,True,False,True,True,False,0.050000000000000044,0.0,False,False,0,0,2025-12-10T16:47:06.500806,2025-12-10T17:03:22.991448,2025-12-10T17:03:26.802875,2025-12-10T17:03:56.709039,976.490642,3.811427,29.906164
604bfe99dcaa286218d25fca,usmle_sample_154,default_agent,meta-llama/llama-3.1-8b-instruct,Smoking cessation,D,D,0.72,True,D,0.72,True,D,0.72,True,False,False,False,False,0.0,0.0,False,False,0,0,2025-12-11T04:33:23.222373,2025-12-11T04:40:18.550154,2025-12-11T04:40:35.519985,2025-12-11T04:40:58.109915,415.327781,16.969831,22.58993
panda,usmle_sample_154,default_agent,meta-llama/llama-3.1-8b-instruct,Smoking cessation,D,A,0.5,False,D,0.5,True,D,0.5,True,True,False,False,False,0.0,0.0,False,True,1,1,2025-12-10T19:25:24.623559,2025-12-10T19:26:21.433351,2025-12-10T19:26:36.074071,2025-12-10T19:26:54.306863,56.809792,14.64072,18.232792
67f0158b01e9ac80ef1ff943,usmle_sample_159,default_agent,meta-llama/llama-3.1-8b-instruct,Acute kidney injury,A,C,0.5,False,C,0.9,False,C,0.9,False,False,True,False,False,0.4,0.0,False,False,0,0,2025-12-10T23:07:44.960019,2025-12-10T23:11:22.353925,2025-12-10T23:11:34.315855,2025-12-10T23:12:01.887799,217.393906,11.96193,27.571944
anonymous,usmle_sample_15,default_agent,allenai/Llama-3.1-Tulu-3-8B-DPO,Upward gaze,D,D,0.5,True,C,0.5,False,C,0.5,False,True,False,False,False,0.0,0.0,True,False,0,0,2025-11-20T15:16:06.469889,2025-11-20T15:16:24.205958,2025-11-20T15:17:46.369685,2025-11-20T15:18:53.299964,17.736069,82.163727,66.930279
anonymous,usmle_sample_15,default_agent,allenai/Llama-3.1-Tulu-3-8B-DPO,Upward gaze,D,D,0.5,True,D,0.5,True,D,0.5,True,False,False,False,False,0.0,0.0,False,False,0,0,2025-12-01T00:34:39.019674,2025-12-01T00:35:20.012040,2025-12-01T00:35:41.107039,2025-12-01T00:43:07.259069,40.992366,21.094999,446.15203
anonymous,usmle_sample_15,default_agent,allenai/Llama-3.1-Tulu-3-8B-DPO,Upward gaze,D,A,0.5,False,A,0.5,False,A,0.5,False,False,False,False,False,0.0,0.0,False,False,0,0,2025-12-01T02:05:25.091649,2025-12-01T02:05:52.960596,2025-12-01T02:05:55.806190,2025-12-01T02:06:50.469145,27.868947,2.845594,54.662955
63d5b810f3dbbd11e7e65870,usmle_sample_166,default_agent,meta-llama/llama-3.1-8b-instruct,X-rays of the left hand and wrist,C,E,0.77,False,C,0.77,True,C,0.77,True,True,False,False,False,0.0,0.0,False,True,0,0,2025-12-10T20:00:26.470246,2025-12-10T20:08:42.539663,2025-12-10T20:08:53.756332,2025-12-10T20:09:24.331517,496.069417,11.216669,30.575185
63d5b810f3dbbd11e7e65870,usmle_sample_166,default_agent,meta-llama/llama-3.1-8b-instruct,X-rays of the left hand and wrist,C,E,0.77,False,C,0.77,True,C,0.77,True,True,False,False,False,0.0,0.0,False,True,0,0,2025-12-10T20:00:26.470246,2025-12-10T20:08:42.539663,2025-12-10T20:08:53.756332,2025-12-10T20:09:26.075139,496.069417,11.216669,32.318807
panda,usmle_sample_167,default_agent,meta-llama/llama-3.1-8b-instruct,Corticosteroid injection,A,D,0.5,False,D,0.5,False,D,0.5,False,False,False,False,False,0.0,0.0,False,False,1,1,2025-12-10T19:25:24.623559,2025-12-10T19:27:07.655915,2025-12-10T19:27:14.086756,2025-12-10T19:27:40.546301,103.032356,6.430841,26.459545
anonymous,usmle_sample_168,default_agent,allenai/Llama-3.1-Tulu-3-8B-DPO,Ductal carcinoma in situ,A,A,0.5,True,A,0.5,True,A,0.5,True,False,False,False,False,0.0,0.0,False,False,0,0,2025-12-01T02:05:25.091649,2025-12-01T02:07:40.240887,2025-12-01T02:07:48.566329,2025-12-01T02:07:55.344020,135.149238,8.325442,6.777691
671d1dcbc6f5d2e81501e24a,usmle_sample_169,default_agent,meta-llama/llama-3.1-8b-instruct,Giardia lamblia,E,D,0.82,False,E,0.9,True,E,0.9,True,True,True,False,False,0.08000000000000007,0.0,False,True,0,0,2025-12-10T15:51:38.318607,2025-12-10T15:59:07.514071,2025-12-10T15:59:24.202946,2025-12-10T15:59:36.808630,449.195464,16.688875,12.605684
6632626985406fd15c206dcd,usmle_sample_16,default_agent,meta-llama/llama-3.1-8b-instruct,Atrial fibrillation,A,E,0.5,False,E,0.5,False,E,0.5,False,False,False,False,False,0.0,0.0,False,False,0,0,2025-12-10T23:43:05.465786,2025-12-10T23:48:01.716267,2025-12-10T23:49:07.469666,2025-12-10T23:49:49.238123,296.250481,65.753399,41.768457
65a30ffbe92ac510f8dee886,usmle_sample_170,default_agent,meta-llama/llama-3.1-8b-instruct,2.6,B,C,0.5,False,B,0.5,True,B,0.5,True,True,False,False,False,0.0,0.0,False,True,1,1,2025-12-10T21:28:24.807272,2025-12-10T21:33:06.633298,2025-12-10T21:33:31.471195,2025-12-10T21:33:43.845544,281.826026,24.837897,12.374349
67dc8ad530b342275638eaa6,usmle_sample_170,default_agent,meta-llama/llama-3.1-8b-instruct,2.6,B,B,0.0,True,B,0.83,True,B,0.83,True,False,True,False,False,0.83,0.0,False,False,0,0,2025-12-11T01:10:09.637495,2025-12-11T01:17:11.072206,2025-12-11T01:17:16.856922,2025-12-11T01:17:30.342073,421.434711,5.784716,13.485151
6788253c4b6d46ac0aa809b0,usmle_sample_175,default_agent,meta-llama/llama-3.1-8b-instruct,Measurement of urine and plasma osmolarity,D,D,0.9,True,D,0.9,True,D,0.9,True,False,False,False,False,0.0,0.0,False,False,0,0,2025-12-11T00:18:37.421968,2025-12-11T00:39:35.336021,2025-12-11T00:39:43.464975,2025-12-11T00:40:37.303367,1257.914053,8.128954,53.838392
65a30ffbe92ac510f8dee886,usmle_sample_177,default_agent,meta-llama/llama-3.1-8b-instruct,Penicillin prophylaxis,E,F,0.01,False,F,0.01,False,F,0.01,False,False,False,False,False,0.0,0.0,False,False,2,2,2025-12-10T21:28:24.807272,2025-12-10T21:31:04.457703,2025-12-10T21:32:20.286291,2025-12-10T21:32:43.785030,159.650431,75.828588,23.498739
anonymous,usmle_sample_178,default_agent,allenai/Llama-3.1-Tulu-3-8B-DPO,Flora,B,D,0.5,False,D,0.5,False,D,0.5,False,False,False,False,False,0.0,0.0,False,False,0,0,2025-12-01T02:05:25.091649,2025-12-01T02:08:30.198365,2025-12-01T02:08:36.673554,2025-12-01T02:08:42.481079,185.106716,6.475189,5.807525
67f0158b01e9ac80ef1ff943,usmle_sample_179,default_agent,meta-llama/llama-3.1-8b-instruct,CT scan of the abdomen,C,C,0.74,True,C,0.74,True,C,0.74,True,False,False,False,False,0.0,0.0,False,False,0,0,2025-12-10T23:07:44.960019,2025-12-10T23:12:13.163337,2025-12-10T23:12:22.194764,2025-12-10T23:13:04.510932,268.203318,9.031427,42.316168
5dcf7b49523df00ae9c4e07e,usmle_sample_185,default_agent,meta-llama/llama-3.1-8b-instruct,Coronary artery disease,C,E,0.63,False,E,0.63,False,C,0.63,True,False,False,True,False,0.0,0.0,False,False,0,0,2025-12-10T16:47:06.500806,2025-12-10T17:05:36.703824,2025-12-10T17:05:46.317485,2025-12-10T17:05:56.893529,1110.203018,9.613661,10.576044
67dc8ad530b342275638eaa6,usmle_sample_187,default_agent,meta-llama/llama-3.1-8b-instruct,Kaposi sarcoma,C,B,0.0,False,C,0.0,True,C,0.0,True,True,False,False,False,0.0,0.0,False,True,0,0,2025-12-11T01:10:09.637495,2025-12-11T01:18:20.992825,2025-12-11T01:18:44.225928,2025-12-11T01:18:56.962246,491.35533,23.233103,12.736318
67f0158b01e9ac80ef1ff943,usmle_sample_187,default_agent,meta-llama/llama-3.1-8b-instruct,Kaposi sarcoma,C,B,0.5,False,B,0.75,False,B,0.75,False,False,True,False,False,0.25,0.0,False,False,0,0,2025-12-10T23:07:44.960019,2025-12-10T23:13:11.145598,2025-12-10T23:13:42.626668,2025-12-10T23:14:10.466385,326.185579,31.48107,27.839717
panda,usmle_sample_188,default_agent,meta-llama/llama-3.1-8b-instruct,Measurement of serum follicle-stimulating hormone concentration,A,B,0.5,False,B,0.5,False,B,0.5,False,False,False,False,False,0.0,0.0,False,False,0,0,2025-12-10T19:25:24.623559,2025-12-10T19:27:45.723965,2025-12-10T19:27:48.128031,2025-12-10T19:28:10.666676,141.100406,2.404066,22.538645
67f0158b01e9ac80ef1ff943,usmle_sample_189,default_agent,meta-llama/llama-3.1-8b-instruct,Report the physician to the clinic administrator and conduct the remainder of the clinic hours without him,E,C,0.81,False,C,0.81,False,C,0.81,False,False,False,False,False,0.0,0.0,False,False,0,0,2025-12-10T23:07:44.960019,2025-12-10T23:14:46.409500,2025-12-10T23:14:54.273834,2025-12-10T23:15:14.747589,421.449481,7.864334,20.473755
67acb851f56c4346d17bea0a,usmle_sample_193,default_agent,meta-llama/llama-3.1-8b-instruct,Elder neglect,B,B,0.5,True,B,0.5,True,B,0.5,True,False,False,False,False,0.0,0.0,False,False,0,0,2025-12-11T00:53:10.046817,2025-12-11T01:01:49.527619,2025-12-11T01:02:08.937351,2025-12-11T01:02:27.854951,519.480802,19.409732,18.9176
67dc8ad530b342275638eaa6,usmle_sample_193,default_agent,meta-llama/llama-3.1-8b-instruct,Elder neglect,B,C,0.5,False,C,0.5,False,C,0.5,False,False,False,False,False,0.0,0.0,False,False,0,0,2025-12-11T01:10:09.637495,2025-12-11T01:20:48.001330,2025-12-11T01:20:56.151693,2025-12-11T01:21:34.830785,638.363835,8.150363,38.679092
anonymous,usmle_sample_193,default_agent,allenai/Llama-3.1-Tulu-3-8B-DPO,Adjustment disorder with anxiety,A,A,0.5,True,A,0.5,True,A,0.5,True,False,False,False,False,0.0,0.0,False,False,0,0,2025-12-01T02:05:25.091649,2025-12-01T02:09:01.198917,2025-12-01T02:09:06.107007,2025-12-01T02:09:38.714077,216.107268,4.90809,32.60707
65a30ffbe92ac510f8dee886,usmle_sample_194,default_agent,meta-llama/llama-3.1-8b-instruct,Measurement of serum Lyme (Borreli a burgdorferi) antibody concentration,B,B,0.02,True,A,0.02,False,A,0.02,False,True,False,False,False,0.0,0.0,True,False,1,1,2025-12-10T21:28:24.807272,2025-12-10T21:34:40.122791,2025-12-10T21:35:47.541909,2025-12-10T21:36:13.738965,375.315519,67.419118,26.197056
5dcf7b49523df00ae9c4e07e,usmle_sample_195,default_agent,meta-llama/llama-3.1-8b-instruct,Nebulized epinephrine,D,A,0.68,False,A,0.68,False,D,0.68,True,False,False,True,False,0.0,0.0,False,False,0,0,2025-12-10T16:47:06.500806,2025-12-10T17:06:19.874118,2025-12-10T17:06:23.495833,2025-12-10T17:06:37.250292,1153.373312,3.621715,13.754459
6788253c4b6d46ac0aa809b0,usmle_sample_196,default_agent,meta-llama/llama-3.1-8b-instruct,Ultrasonography of the bladder,D,C,0.7,False,C,0.7,False,C,0.7,False,False,False,False,False,0.0,0.0,False,False,0,0,2025-12-11T00:18:37.421968,2025-12-11T00:42:31.920676,2025-12-11T00:42:42.591792,2025-12-11T00:44:04.879292,1434.498708,10.671116,82.2875
6710123050faa590f80d96e5,usmle_sample_197,default_agent,meta-llama/llama-3.1-8b-instruct,Premature closure,D,D,0.5,True,D,0.5,True,D,0.5,True,False,False,False,False,0.0,0.0,False,False,0,0,2025-12-11T02:20:31.918304,2025-12-11T02:35:48.518660,2025-12-11T02:35:53.693347,2025-12-11T02:36:06.624365,916.600356,5.174687,12.931018
67f0158b01e9ac80ef1ff943,usmle_sample_197,default_agent,meta-llama/llama-3.1-8b-instruct,Premature closure,D,C,0.87,False,C,0.87,False,C,0.87,False,False,False,False,False,0.0,0.0,False,False,0,0,2025-12-10T23:07:44.960019,2025-12-10T23:15:29.937707,2025-12-10T23:15:45.938508,2025-12-10T23:16:44.146336,464.977688,16.000801,58.207828
67acb851f56c4346d17bea0a,usmle_sample_198,default_agent,meta-llama/llama-3.1-8b-instruct,Mirtazapine,E,C,0.5,False,C,0.5,False,C,0.5,False,False,False,False,False,0.0,0.0,False,False,0,0,2025-12-11T00:53:10.046817,2025-12-11T01:02:57.347548,2025-12-11T01:03:03.786006,2025-12-11T01:03:47.347907,587.300731,6.438458,43.561901
anonymous,usmle_sample_1,default_agent,allenai/Llama-3.1-Tulu-3-8B-DPO,Decreased activity of UDP glucuronosyltransferase,A,E,0.5,False,E,0.5,False,E,0.5,False,False,False,False,False,0.0,0.0,False,False,0,0,2025-11-19T17:24:50.256238,2025-11-19T17:24:53.122641,2025-11-19T17:25:44.318585,2025-11-19T17:27:16.791106,2.866403,51.195944,92.472521
anonymous,usmle_sample_1,default_agent,allenai/Llama-3.1-Tulu-3-8B-DPO,Decreased activity of UDP glucuronosyltransferase,A,A,0.66,True,C,0.77,False,A,0.34,True,True,True,True,True,0.10999999999999999,-0.43,True,False,0,0,2025-11-25T19:21:59.164459,2025-11-25T19:22:45.347828,2025-11-25T19:23:46.262279,2025-11-25T19:24:50.491988,46.183369,60.914451,64.229709
anonymous,usmle_sample_1,default_agent,allenai/Llama-3.1-Tulu-3-8B-DPO,Decreased activity of UDP glucuronosyltransferase,A,D,0.5,False,D,0.5,False,D,0.5,False,False,False,False,False,0.0,0.0,False,False,0,0,2025-11-26T02:58:57.548336,2025-11-26T02:59:10.640064,2025-11-26T02:59:19.106878,2025-11-26T02:59:27.442819,13.091728,8.466814,8.335941
anonymous,usmle_sample_1,default_agent,meta-llama/llama-3.1-8b-instruct,Decreased activity of UDP glucuronosyltransferase,A,E,0.5,False,C,0.5,False,C,0.5,False,True,False,False,False,0.0,0.0,False,False,1,0,2025-12-10T08:05:55.040950,2025-12-10T08:05:59.926678,2025-12-10T08:06:04.532574,2025-12-10T08:06:24.132988,4.885728,4.605896,19.600414
test-123,usmle_sample_1,default_agent,allenai/Llama-3.1-Tulu-3-8B-DPO,Decreased activity of UDP glucuronosyltransferase,A,B,0.5,False,B,0.78,False,B,0.78,False,False,True,False,False,0.28,0.0,False,False,0,0,2025-11-21T19:09:20.407012,2025-11-21T19:09:26.241776,2025-11-21T19:09:32.666871,2025-11-21T19:09:57.954032,5.834764,6.425095,25.287161
671d1dcbc6f5d2e81501e24a,usmle_sample_200,default_agent,meta-llama/llama-3.1-8b-instruct,Ductal carcinoma in situ,A,C,0.34,False,A,0.48,True,A,0.79,True,True,True,False,True,0.13999999999999996,0.31000000000000005,False,True,0,0,2025-12-10T15:51:38.318607,2025-12-10T16:00:09.462408,2025-12-10T16:00:24.721706,2025-12-10T16:01:10.814607,511.143801,15.259298,46.092901
67dc8ad530b342275638eaa6,usmle_sample_200,default_agent,meta-llama/llama-3.1-8b-instruct,Ductal carcinoma in situ,A,E,0.5,False,A,0.84,True,A,0.84,True,True,True,False,False,0.33999999999999997,0.0,False,True,0,0,2025-12-11T01:10:09.637495,2025-12-11T01:22:03.678077,2025-12-11T01:22:12.618169,2025-12-11T01:22:16.987657,714.040582,8.940092,4.369488
6710123050faa590f80d96e5,usmle_sample_201,default_agent,meta-llama/llama-3.1-8b-instruct,Diagnosis-driven reminders in patient charts,B,B,0.5,True,B,0.5,True,B,0.5,True,False,False,False,False,0.0,0.0,False,False,0,0,2025-12-11T02:20:31.918304,2025-12-11T02:33:52.443485,2025-12-11T02:33:57.528057,2025-12-11T02:34:38.259616,800.525181,5.084572,40.731559
673feeafa80a279f5cc63e33,usmle_sample_201,default_agent,meta-llama/llama-3.1-8b-instruct,Diagnosis-driven reminders in patient charts,B,A,0.12,False,A,0.12,False,A,0.12,False,False,False,False,False,0.0,0.0,False,False,0,0,2025-12-10T19:02:06.642013,2025-12-10T19:08:46.128583,2025-12-10T19:08:55.123154,2025-12-10T19:09:45.155515,399.48657,8.994571,50.032361
panda,usmle_sample_202,default_agent,meta-llama/llama-3.1-8b-instruct,Dicloxacillin therapy,B,B,0.5,True,B,0.5,True,B,0.5,True,False,False,False,False,0.0,0.0,False,False,1,1,2025-12-10T19:25:24.623559,2025-12-10T19:28:17.250367,2025-12-10T19:28:22.590210,2025-12-10T19:28:30.753287,172.626808,5.339843,8.163077
6710123050faa590f80d96e5,usmle_sample_203,default_agent,meta-llama/llama-3.1-8b-instruct,No additional diagnostic steps are indicated,E,D,0.5,False,D,0.5,False,D,0.68,False,False,False,False,True,0.0,0.18000000000000005,False,False,0,0,2025-12-11T02:20:31.918304,2025-12-11T02:37:36.410175,2025-12-11T02:37:40.537590,2025-12-11T02:38:26.770065,1024.491871,4.127415,46.232475
675a2ef45fbe0cc52b8403ae,usmle_sample_203,default_agent,meta-llama/llama-3.1-8b-instruct,No additional diagnostic steps are indicated,E,A,0.5,False,A,0.5,False,E,0.5,True,False,False,True,False,0.0,0.0,False,False,0,0,2025-12-10T17:45:52.109892,2025-12-10T18:08:03.686236,2025-12-10T18:08:23.267707,2025-12-10T18:08:33.771601,1331.576344,19.581471,10.503894
604bfe99dcaa286218d25fca,usmle_sample_207,default_agent,meta-llama/llama-3.1-8b-instruct,Recommendation to bear weight as tolerated; no further workup needed,E,C,0.38,False,D,0.66,False,D,0.66,False,True,True,False,False,0.28,0.0,False,False,0,0,2025-12-11T04:33:23.222373,2025-12-11T04:42:01.540304,2025-12-11T04:42:44.663875,2025-12-11T04:43:16.699768,518.317931,43.123571,32.035893
675a2ef45fbe0cc52b8403ae,usmle_sample_207,default_agent,meta-llama/llama-3.1-8b-instruct,Recommendation to bear weight as tolerated; no further workup needed,E,C,0.5,False,C,0.5,False,E,0.5,True,False,False,True,False,0.0,0.0,False,False,0,0,2025-12-10T17:45:52.109892,2025-12-10T18:13:02.250621,2025-12-10T18:13:11.112291,2025-12-10T18:13:36.357064,1630.140729,8.86167,25.244773
6632626985406fd15c206dcd,usmle_sample_208,default_agent,meta-llama/llama-3.1-8b-instruct,Diverticulosis,C,B,0.5,False,B,0.5,False,B,0.5,False,False,False,False,False,0.0,0.0,False,False,0,0,2025-12-10T23:43:05.465786,2025-12-10T23:54:48.210540,2025-12-10T23:54:54.783679,2025-12-10T23:55:16.412282,702.744754,6.573139,21.628603
6632626985406fd15c206dcd,usmle_sample_209,default_agent,meta-llama/llama-3.1-8b-instruct,Normal development,E,D,0.5,False,D,0.5,False,D,0.5,False,False,False,False,False,0.0,0.0,False,False,0,0,2025-12-10T23:43:05.465786,2025-12-10T23:56:07.232498,2025-12-10T23:56:25.199841,2025-12-10T23:56:37.133727,781.766712,17.967343,11.933886
67acb851f56c4346d17bea0a,usmle_sample_210,default_agent,meta-llama/llama-3.1-8b-instruct,Hypersensitivity pneumonitis,C,B,0.5,False,B,0.5,False,B,0.5,False,False,False,False,False,0.0,0.0,False,False,0,0,2025-12-11T00:53:10.046817,2025-12-11T01:04:22.269645,2025-12-11T01:04:25.703873,2025-12-11T01:04:35.363533,672.222828,3.434228,9.65966
6788253c4b6d46ac0aa809b0,usmle_sample_211,default_agent,meta-llama/llama-3.1-8b-instruct,Lymphopenia,C,C,0.8,True,C,0.8,True,C,0.8,True,False,False,False,False,0.0,0.0,False,False,0,0,2025-12-11T00:18:37.421968,2025-12-11T00:41:10.375768,2025-12-11T00:41:18.263000,2025-12-11T00:42:03.082806,1352.9538,7.887232,44.819806
675a2ef45fbe0cc52b8403ae,usmle_sample_215,default_agent,meta-llama/llama-3.1-8b-instruct,Methamphetamine,D,D,0.5,True,D,0.5,True,D,0.5,True,False,False,False,False,0.0,0.0,False,False,0,0,2025-12-10T17:45:52.109892,2025-12-10T18:14:39.237808,2025-12-10T18:14:45.962146,2025-12-10T18:15:31.451281,1727.127916,6.724338,45.489135
panda,usmle_sample_216,default_agent,meta-llama/llama-3.1-8b-instruct,Measurement of plasma and urine catecholamine and metabolite concentrations,D,C,0.28,False,C,0.28,False,C,0.28,False,False,False,False,False,0.0,0.0,False,False,1,1,2025-12-10T19:25:24.623559,2025-12-10T19:29:10.446358,2025-12-10T19:29:15.341439,2025-12-10T19:29:39.556395,225.822799,4.895081,24.214956
6632626985406fd15c206dcd,usmle_sample_218,default_agent,meta-llama/llama-3.1-8b-instruct,It is likely to double her risk for death during the next 3 months,B,D,0.5,False,D,0.5,False,D,0.5,False,False,False,False,False,0.0,0.0,False,False,0,0,2025-12-10T23:43:05.465786,2025-12-10T23:57:38.704519,2025-12-10T23:57:46.063872,2025-12-10T23:57:57.809669,873.238733,7.359353,11.745797
671d1dcbc6f5d2e81501e24a,usmle_sample_219,default_agent,meta-llama/llama-3.1-8b-instruct,Zenker diverticulum,D,A,0.5,False,A,0.26,False,A,0.17,False,False,True,False,True,-0.24,-0.09,False,False,0,0,2025-12-10T15:51:38.318607,2025-12-10T16:01:31.378392,2025-12-10T16:01:52.375775,2025-12-10T16:02:14.508877,593.059785,20.997383,22.133102
65a30ffbe92ac510f8dee886,usmle_sample_224,default_agent,meta-llama/llama-3.1-8b-instruct,Extrapolation of findings beyond data,A,D,0.01,False,D,0.01,False,D,0.01,False,False,False,False,False,0.0,0.0,False,False,3,3,2025-12-10T21:28:24.807272,2025-12-10T21:36:49.087163,2025-12-10T21:39:23.560499,2025-12-10T21:40:01.668842,504.279891,154.473336,38.108343
675a2ef45fbe0cc52b8403ae,usmle_sample_228,default_agent,meta-llama/llama-3.1-8b-instruct,Adjustment disorder with anxiety,A,D,0.5,False,D,0.5,False,A,0.5,True,False,False,True,False,0.0,0.0,False,False,0,0,2025-12-10T17:45:52.109892,2025-12-10T18:15:40.051661,2025-12-10T18:16:02.627942,2025-12-10T18:16:17.499156,1787.941769,22.576281,14.871214
675a2ef45fbe0cc52b8403ae,usmle_sample_230,default_agent,meta-llama/llama-3.1-8b-instruct,Patients aged 45 years and older with hyperlipidemia and central obesity,C,C,0.5,True,C,0.5,True,C,0.5,True,False,False,False,False,0.0,0.0,False,False,0,0,2025-12-10T17:45:52.109892,2025-12-10T18:16:40.479282,2025-12-10T18:16:48.904291,2025-12-10T18:16:55.918311,1848.36939,8.425009,7.01402
6710123050faa590f80d96e5,usmle_sample_232,default_agent,meta-llama/llama-3.1-8b-instruct,A 3 -cm-diameter blackened eschar on the right heel,A,B,0.5,False,B,0.77,False,B,0.77,False,False,True,False,False,0.27,0.0,False,False,0,0,2025-12-11T02:20:31.918304,2025-12-11T02:39:41.069353,2025-12-11T02:39:53.095583,2025-12-11T02:40:26.232840,1149.151049,12.02623,33.137257
6788253c4b6d46ac0aa809b0,usmle_sample_232,default_agent,meta-llama/llama-3.1-8b-instruct,A 3 -cm-diameter blackened eschar on the right heel,A,B,0.8,False,B,0.8,False,B,0.8,False,False,False,False,False,0.0,0.0,False,False,0,0,2025-12-11T00:18:37.421968,2025-12-11T00:44:30.402640,2025-12-11T00:44:40.738749,2025-12-11T00:45:27.579496,1552.980672,10.336109,46.840747
63d5b810f3dbbd11e7e65870,usmle_sample_235,default_agent,meta-llama/llama-3.1-8b-instruct,Coagulative necrosis involving mucosa and submucosa,B,C,0.62,False,C,0.62,False,C,0.62,False,False,False,False,False,0.0,0.0,False,False,0,0,2025-12-10T20:00:26.470246,2025-12-10T20:13:03.005291,2025-12-10T20:13:15.502717,2025-12-10T20:14:01.691725,756.535045,12.497426,46.189008
65a30ffbe92ac510f8dee886,usmle_sample_237,default_agent,meta-llama/llama-3.1-8b-instruct,Telemetry observation,D,B,0.04,False,C,0.04,False,C,0.04,False,True,False,False,False,0.0,0.0,False,False,0,0,2025-12-10T21:28:24.807272,2025-12-10T21:40:56.023511,2025-12-10T21:41:47.862026,2025-12-10T21:42:17.654771,751.216239,51.838515,29.792745
604bfe99dcaa286218d25fca,usmle_sample_246,default_agent,meta-llama/llama-3.1-8b-instruct,5,C,A,0.04,False,A,0.57,False,A,0.57,False,False,True,False,False,0.5299999999999999,0.0,False,False,0,0,2025-12-11T04:33:23.222373,2025-12-11T04:44:09.639722,2025-12-11T04:44:19.383889,2025-12-11T04:44:31.019797,646.417349,9.744167,11.635908
6632626985406fd15c206dcd,usmle_sample_246,default_agent,meta-llama/llama-3.1-8b-instruct,5,C,E,0.5,False,B,0.5,False,B,0.5,False,True,False,False,False,0.0,0.0,False,False,0,0,2025-12-10T23:43:05.465786,2025-12-10T23:59:42.514029,2025-12-11T00:00:21.893347,2025-12-11T00:00:29.251456,997.048243,39.379318,7.358109
63d5b810f3dbbd11e7e65870,usmle_sample_251,default_agent,meta-llama/llama-3.1-8b-instruct,Labyrinthitis,C,C,0.61,True,C,0.61,True,C,0.61,True,False,False,False,False,0.0,0.0,False,False,0,0,2025-12-10T20:00:26.470246,2025-12-10T20:11:22.782729,2025-12-10T20:11:31.842620,2025-12-10T20:11:51.713676,656.312483,9.059891,19.871056
panda,usmle_sample_257,default_agent,meta-llama/llama-3.1-8b-instruct,Chest x -ray,A,A,0.5,True,A,0.5,True,A,0.5,True,False,False,False,False,0.0,0.0,False,False,1,1,2025-12-10T19:25:24.623559,2025-12-10T19:29:42.937703,2025-12-10T19:29:49.125125,2025-12-10T19:30:03.750763,258.314144,6.187422,14.625638
67acb851f56c4346d17bea0a,usmle_sample_258,default_agent,meta-llama/llama-3.1-8b-instruct,Timing of symptoms,F,F,0.5,True,F,0.5,True,F,0.5,True,False,False,False,False,0.0,0.0,False,False,0,0,2025-12-11T00:53:10.046817,2025-12-11T01:05:17.552725,2025-12-11T01:05:19.829351,2025-12-11T01:05:34.025583,727.505908,2.276626,14.196232
675a2ef45fbe0cc52b8403ae,usmle_sample_260,default_agent,meta-llama/llama-3.1-8b-instruct,Cardiac conduction abnormality,A,A,0.5,True,A,0.5,True,A,0.5,True,False,False,False,False,0.0,0.0,False,False,0,0,2025-12-10T17:45:52.109892,2025-12-10T18:17:03.918315,2025-12-10T18:17:13.329319,2025-12-10T18:17:21.669221,1871.808423,9.411004,8.339902
6710123050faa590f80d96e5,usmle_sample_263,default_agent,meta-llama/llama-3.1-8b-instruct,"""Tell me what your greatest concerns are.""",C,C,0.5,True,C,0.72,True,C,0.72,True,False,True,False,False,0.21999999999999997,0.0,False,False,0,0,2025-12-11T02:20:31.918304,2025-12-11T02:43:43.071272,2025-12-11T02:43:49.804726,2025-12-11T02:44:02.392620,1391.152968,6.733454,12.587894
6788253c4b6d46ac0aa809b0,usmle_sample_263,default_agent,meta-llama/llama-3.1-8b-instruct,"""Tell me what your greatest concerns are.""",C,C,0.9,True,C,0.9,True,C,0.9,True,False,False,False,False,0.0,0.0,False,False,0,0,2025-12-11T00:18:37.421968,2025-12-11T00:47:27.967976,2025-12-11T00:47:48.306199,2025-12-11T00:47:57.290116,1730.546008,20.338223,8.983917
6632626985406fd15c206dcd,usmle_sample_268,default_agent,meta-llama/llama-3.1-8b-instruct,Cross-sectional study,D,D,0.5,True,D,0.5,True,D,0.5,True,False,False,False,False,0.0,0.0,False,False,0,0,2025-12-10T23:43:05.465786,2025-12-11T00:04:54.128075,2025-12-11T00:05:04.427521,2025-12-11T00:05:15.747774,1308.662289,10.299446,11.320253
6632626985406fd15c206dcd,usmle_sample_269,default_agent,meta-llama/llama-3.1-8b-instruct,Polymerase chain reaction tes t for Neisseria gonorrhoeae  and Chlamydia trachomatis,B,C,0.5,False,C,0.5,False,C,0.5,False,False,False,False,False,0.0,0.0,False,False,0,0,2025-12-10T23:43:05.465786,2025-12-11T00:07:06.303459,2025-12-11T00:07:16.915859,2025-12-11T00:07:28.088556,1440.837673,10.6124,11.172697
66f0c0c84e16372a15a5b264,usmle_sample_26,default_agent,meta-llama/llama-3.1-8b-instruct,Third-degree atrioventricular block,E,C,0.0,False,C,0.0,False,C,0.0,False,False,False,False,False,0.0,0.0,False,False,0,0,2025-12-11T01:42:47.847659,2025-12-11T01:43:30.050041,2025-12-11T01:43:46.964501,2025-12-11T01:44:23.386616,42.202382,16.91446,36.422115
67acb851f56c4346d17bea0a,usmle_sample_26,default_agent,meta-llama/llama-3.1-8b-instruct,Third-degree atrioventricular block,E,A,0.4,False,A,0.4,False,A,0.4,False,False,False,False,False,0.0,0.0,False,False,0,0,2025-12-11T00:53:10.046817,2025-12-11T00:57:19.322965,2025-12-11T00:57:51.724658,2025-12-11T00:58:12.945279,249.276148,32.401693,21.220621
6788253c4b6d46ac0aa809b0,usmle_sample_272,default_agent,meta-llama/llama-3.1-8b-instruct,Abide by the patient's wishes,A,A,1.0,True,A,1.0,True,A,1.0,True,False,False,False,False,0.0,0.0,False,False,0,0,2025-12-11T00:18:37.421968,2025-12-11T00:46:15.452266,2025-12-11T00:46:22.096872,2025-12-11T00:46:47.891557,1658.030298,6.644606,25.794685
6710123050faa590f80d96e5,usmle_sample_275,default_agent,meta-llama/llama-3.1-8b-instruct,The impact of the medication on bone density may not correlate with the risk for fracture,A,A,0.5,True,A,0.7,True,A,0.7,True,False,True,False,False,0.19999999999999996,0.0,False,False,0,0,2025-12-11T02:20:31.918304,2025-12-11T02:45:57.726539,2025-12-11T02:46:02.772828,2025-12-11T02:46:13.397215,1525.808235,5.046289,10.624387
panda,usmle_sample_275,default_agent,meta-llama/llama-3.1-8b-instruct,The impact of the medication on bone density may not correlate with the risk for fracture,A,A,0.5,True,A,0.5,True,A,0.5,True,False,False,False,False,0.0,0.0,False,False,1,1,2025-12-10T19:25:24.623559,2025-12-10T19:31:01.204278,2025-12-10T19:31:08.344668,2025-12-10T19:31:19.959174,336.580719,7.14039,11.614506
604bfe99dcaa286218d25fca,usmle_sample_276,default_agent,meta-llama/llama-3.1-8b-instruct,Poorly differentiated anaplastic spindle cells,E,C,0.24,False,C,0.07,False,C,0.07,False,False,True,False,False,-0.16999999999999998,0.0,False,False,0,0,2025-12-11T04:33:23.222373,2025-12-11T04:45:07.719411,2025-12-11T04:45:40.279344,2025-12-11T04:45:55.224620,704.497038,32.559933,14.945276
67acb851f56c4346d17bea0a,usmle_sample_276,default_agent,meta-llama/llama-3.1-8b-instruct,Poorly differentiated anaplastic spindle cells,E,B,0.5,False,B,0.5,False,B,0.5,False,False,False,False,False,0.0,0.0,False,False,0,0,2025-12-11T00:53:10.046817,2025-12-11T01:06:21.413383,2025-12-11T01:06:24.077543,2025-12-11T01:06:32.133575,791.366566,2.66416,8.056032
65a30ffbe92ac510f8dee886,usmle_sample_282,default_agent,meta-llama/llama-3.1-8b-instruct,Contact the patient's pharmacy to obtain information on her current medications,B,B,0.06,True,B,0.06,True,B,0.06,True,False,False,False,False,0.0,0.0,False,False,0,0,2025-12-10T21:28:24.807272,2025-12-10T21:42:45.029305,2025-12-10T21:43:04.399240,2025-12-10T21:43:24.505276,860.222033,19.369935,20.106036
65a30ffbe92ac510f8dee886,usmle_sample_283,default_agent,meta-llama/llama-3.1-8b-instruct,Prolonged immobility,B,B,0.04,True,A,0.08,False,A,0.08,False,True,True,False,False,0.04,0.0,True,False,0,0,2025-12-10T21:28:24.807272,2025-12-10T21:43:57.659553,2025-12-10T21:44:14.907928,2025-12-10T21:44:34.670955,932.852281,17.248375,19.763027
67dc8ad530b342275638eaa6,usmle_sample_283,default_agent,meta-llama/llama-3.1-8b-instruct,Prolonged immobility,B,A,0.5,False,B,0.28,True,B,0.28,True,True,True,False,False,-0.21999999999999997,0.0,False,True,0,0,2025-12-11T01:10:09.637495,2025-12-11T01:27:23.036169,2025-12-11T01:27:37.052451,2025-12-11T01:27:52.962594,1033.398674,14.016282,15.910143
65a30ffbe92ac510f8dee886,usmle_sample_285,default_agent,meta-llama/llama-3.1-8b-instruct,Contact the patient's health care proxy to discuss how to proceed,B,A,0.5,False,A,0.52,False,A,0.52,False,False,True,False,False,0.020000000000000018,0.0,False,False,0,0,2025-12-10T21:28:24.807272,2025-12-10T21:45:06.270553,2025-12-10T21:45:43.273629,2025-12-10T21:46:03.032131,1001.463281,37.003076,19.758502
5dcf7b49523df00ae9c4e07e,usmle_sample_288,default_agent,meta-llama/llama-3.1-8b-instruct,Serum quantitative immunoglobulin c oncentrations,E,E,0.3,True,A,0.23,False,E,0.23,True,True,True,True,False,-0.06999999999999998,0.0,True,False,0,0,2025-12-10T16:47:06.500806,2025-12-10T17:06:54.845402,2025-12-10T17:07:01.360121,2025-12-10T17:07:11.928682,1188.344596,6.514719,10.568561
671d1dcbc6f5d2e81501e24a,usmle_sample_291,default_agent,meta-llama/llama-3.1-8b-instruct,Convene a representative focus group of potential participants to ask questions regarding reluctance to enroll,B,B,0.72,True,B,0.8,True,B,0.8,True,False,True,False,False,0.08000000000000007,0.0,False,False,0,0,2025-12-10T15:51:38.318607,2025-12-10T16:02:56.581562,2025-12-10T16:03:03.545685,2025-12-10T16:03:17.790157,678.262955,6.964123,14.244472
67dc8ad530b342275638eaa6,usmle_sample_291,default_agent,meta-llama/llama-3.1-8b-instruct,Convene a representative focus group of potential participants to ask questions regarding reluctance to enroll,B,B,0.5,True,B,0.5,True,B,0.5,True,False,False,False,False,0.0,0.0,False,False,0,0,2025-12-11T01:10:09.637495,2025-12-11T01:29:15.649873,2025-12-11T01:29:17.334631,2025-12-11T01:29:30.818034,1146.012378,1.684758,13.483403
63d5b810f3dbbd11e7e65870,usmle_sample_292,default_agent,meta-llama/llama-3.1-8b-instruct,Ask the patient to describe her goals for and expectations of treat ment,B,B,0.63,True,B,0.63,True,B,0.63,True,False,False,False,False,0.0,0.0,False,False,0,0,2025-12-10T20:00:26.470246,2025-12-10T20:14:26.296962,2025-12-10T20:14:37.509527,2025-12-10T20:14:55.877987,839.826716,11.212565,18.36846
67f0158b01e9ac80ef1ff943,usmle_sample_294,default_agent,meta-llama/llama-3.1-8b-instruct,Essepro XL is not indicated for this patient,C,D,0.5,False,D,0.64,False,D,0.64,False,False,True,False,False,0.14,0.0,False,False,0,0,2025-12-10T23:07:44.960019,2025-12-10T23:17:08.458768,2025-12-10T23:17:15.146989,2025-12-10T23:17:37.054179,563.498749,6.688221,21.90719
5dcf7b49523df00ae9c4e07e,usmle_sample_302,default_agent,meta-llama/llama-3.1-8b-instruct,Avoid chewing gum and eating hard or chewy foods,A,B,0.63,False,B,0.7,False,A,0.7,True,False,True,True,False,0.06999999999999995,0.0,False,False,0,0,2025-12-10T16:47:06.500806,2025-12-10T17:07:28.322975,2025-12-10T17:07:37.355298,2025-12-10T17:07:46.984923,1221.822169,9.032323,9.629625
63d5b810f3dbbd11e7e65870,usmle_sample_308,default_agent,meta-llama/llama-3.1-8b-instruct,Ad vise continuing breast -feeding now and discussing with her employer a schedule that will allow her to pump during work hours,A,B,0.57,False,B,0.63,False,B,0.63,False,False,True,False,False,0.06000000000000005,0.0,False,False,0,0,2025-12-10T20:00:26.470246,2025-12-10T20:15:11.081786,2025-12-10T20:15:31.889903,2025-12-10T20:15:55.066287,884.61154,20.808117,23.176384
67f0158b01e9ac80ef1ff943,usmle_sample_313,default_agent,meta-llama/llama-3.1-8b-instruct,Concurrent alcohol consumption,B,C,0.79,False,C,0.79,False,C,0.79,False,False,False,False,False,0.0,0.0,False,False,0,0,2025-12-10T23:07:44.960019,2025-12-10T23:17:49.648784,2025-12-10T23:17:54.407061,2025-12-10T23:18:13.115364,604.688765,4.758277,18.708303
5dcf7b49523df00ae9c4e07e,usmle_sample_315,default_agent,meta-llama/llama-3.1-8b-instruct,Mannitol therapy,E,E,0.57,True,E,0.57,True,E,0.57,True,False,False,False,False,0.0,0.0,False,False,0,0,2025-12-10T16:47:06.500806,2025-12-10T17:07:58.687761,2025-12-10T17:08:01.783411,2025-12-10T17:08:13.925074,1252.186955,3.09565,12.141663
604bfe99dcaa286218d25fca,usmle_sample_315,default_agent,meta-llama/llama-3.1-8b-instruct,Mannitol therapy,E,B,0.73,False,B,0.86,False,B,0.86,False,False,True,False,False,0.13,0.0,False,False,0,0,2025-12-11T04:33:23.222373,2025-12-11T04:47:41.124579,2025-12-11T04:47:56.734203,2025-12-11T04:48:12.970344,857.902206,15.609624,16.236141
63d5b810f3dbbd11e7e65870,usmle_sample_317,default_agent,meta-llama/llama-3.1-8b-instruct,Metoprolol,D,B,0.61,False,B,0.61,False,B,0.61,False,False,False,False,False,0.0,0.0,False,False,0,0,2025-12-10T20:00:26.470246,2025-12-10T20:17:34.618198,2025-12-10T20:17:51.083281,2025-12-10T20:18:41.068848,1028.147952,16.465083,49.985567
6710123050faa590f80d96e5,usmle_sample_319,default_agent,meta-llama/llama-3.1-8b-instruct,Clarithromycin and amoxicillin therapy,A,D,0.63,False,D,0.63,False,D,0.63,False,False,False,False,False,0.0,0.0,False,False,0,0,2025-12-11T02:20:31.918304,2025-12-11T02:51:24.748200,2025-12-11T02:51:30.395740,2025-12-11T02:51:45.227284,1852.829896,5.64754,14.831544
67acb851f56c4346d17bea0a,usmle_sample_319,default_agent,meta-llama/llama-3.1-8b-instruct,Clarithromycin and amoxicillin therapy,A,B,0.5,False,A,0.5,True,A,0.5,True,True,False,False,False,0.0,0.0,False,True,0,0,2025-12-11T00:53:10.046817,2025-12-11T01:07:06.730551,2025-12-11T01:07:19.261254,2025-12-11T01:07:45.898041,836.683734,12.530703,26.636787
5bcc60b95c2b810001dc68e2,usmle_sample_31,default_agent,meta-llama/llama-3.1-8b-instruct,Escherichia coli,C,C,0.8,True,C,0.8,True,C,0.8,True,False,False,False,False,0.0,0.0,False,False,0,0,2025-12-11T01:59:15.991932,2025-12-11T02:00:16.257808,2025-12-11T02:00:37.940969,2025-12-11T02:00:53.551757,60.265876,21.683161,15.610788
anonymous,usmle_sample_31,default_agent,meta-llama/llama-3.1-8b-instruct,Escherichia coli,C,C,0.5,True,C,0.5,True,C,0.5,True,False,False,False,False,0.0,0.0,False,False,0,0,2025-12-10T15:01:54.362519,2025-12-10T15:01:58.440486,2025-12-10T15:02:01.716061,2025-12-10T15:02:05.254721,4.077967,3.275575,3.53866
65a30ffbe92ac510f8dee886,usmle_sample_321,default_agent,meta-llama/llama-3.1-8b-instruct,"""Many drugs enter the breast milk and can cause problems for the baby. Let's develop a plan to give your baby safe breast milk.""",D,D,0.5,True,D,0.76,True,D,0.76,True,False,True,False,False,0.26,0.0,False,False,1,1,2025-12-10T21:28:24.807272,2025-12-10T21:46:40.458076,2025-12-10T21:47:01.657042,2025-12-10T21:47:12.427027,1095.650804,21.198966,10.769985
6710123050faa590f80d96e5,usmle_sample_321,default_agent,meta-llama/llama-3.1-8b-instruct,"""Many drugs enter the breast milk and can cause problems for the baby. Let's develop a plan to give your baby safe breast milk.""",D,C,0.63,False,C,0.63,False,C,0.63,False,False,False,False,False,0.0,0.0,False,False,0,0,2025-12-11T02:20:31.918304,2025-12-11T02:48:31.976367,2025-12-11T02:48:39.701683,2025-12-11T02:48:59.003423,1680.058063,7.725316,19.30174
67f0158b01e9ac80ef1ff943,usmle_sample_326,default_agent,meta-llama/llama-3.1-8b-instruct,Schedule HIV serology testing in 3 months,C,A,0.75,False,A,0.75,False,A,0.75,False,False,False,False,False,0.0,0.0,False,False,0,0,2025-12-10T23:07:44.960019,2025-12-10T23:18:25.446124,2025-12-10T23:18:36.301757,2025-12-10T23:19:03.102122,640.486105,10.855633,26.800365
67dc8ad530b342275638eaa6,usmle_sample_332,default_agent,meta-llama/llama-3.1-8b-instruct,Assist the patient in strengthening her lower ex tremity muscles,C,D,0.5,False,D,0.5,False,D,0.5,False,False,False,False,False,0.0,0.0,False,False,0,0,2025-12-11T01:10:09.637495,2025-12-11T01:31:32.670021,2025-12-11T01:31:47.713657,2025-12-11T01:31:58.156645,1283.032526,15.043636,10.442988
panda,usmle_sample_332,default_agent,meta-llama/llama-3.1-8b-instruct,Assist the patient in strengthening her lower ex tremity muscles,C,B,0.5,False,B,0.5,False,B,0.5,False,False,False,False,False,0.0,0.0,False,False,1,1,2025-12-10T19:25:24.623559,2025-12-10T19:31:23.828158,2025-12-10T19:31:30.719114,2025-12-10T19:32:04.016155,359.204599,6.890956,33.297041
panda,usmle_sample_335,default_agent,meta-llama/llama-3.1-8b-instruct,It is indeterminant,C,B,0.5,False,D,0.5,False,D,0.5,False,True,False,False,False,0.0,0.0,False,False,1,1,2025-12-10T19:25:24.623559,2025-12-10T19:32:07.364307,2025-12-10T19:32:11.408263,2025-12-10T19:32:26.795617,402.740748,4.043956,15.387354
604bfe99dcaa286218d25fca,usmle_sample_345,default_agent,meta-llama/llama-3.1-8b-instruct,Admi nister the HPV vaccine,A,B,0.68,False,A,0.91,True,A,0.91,True,True,True,False,False,0.22999999999999998,0.0,False,True,0,0,2025-12-11T04:33:23.222373,2025-12-11T04:49:09.815160,2025-12-11T04:49:21.264538,2025-12-11T04:49:33.265413,946.592787,11.449378,12.000875
6788253c4b6d46ac0aa809b0,usmle_sample_345,default_agent,meta-llama/llama-3.1-8b-instruct,Admi nister the HPV vaccine,A,A,0.9,True,A,0.9,True,A,0.9,True,False,False,False,False,0.0,0.0,False,False,0,0,2025-12-11T00:18:37.421968,2025-12-11T00:48:27.557274,2025-12-11T00:48:50.680528,2025-12-11T00:48:59.470146,1790.135306,23.123254,8.789618
63d5b810f3dbbd11e7e65870,usmle_sample_347,default_agent,meta-llama/llama-3.1-8b-instruct,CT scan of the chest,B,C,0.65,False,C,0.65,False,C,0.65,False,False,False,False,False,0.0,0.0,False,False,0,0,2025-12-10T20:00:26.470246,2025-12-10T20:19:40.584188,2025-12-10T20:20:18.357027,2025-12-10T20:20:57.385532,1154.113942,37.772839,39.028505
671d1dcbc6f5d2e81501e24a,usmle_sample_360,default_agent,meta-llama/llama-3.1-8b-instruct,Pericardiocentesis,D,A,0.73,False,A,0.73,False,D,0.73,True,False,False,True,False,0.0,0.0,False,False,0,0,2025-12-10T15:51:38.318607,2025-12-10T16:03:42.360166,2025-12-10T16:04:00.071792,2025-12-10T16:04:12.882988,724.041559,17.711626,12.811196
5dcf7b49523df00ae9c4e07e,usmle_sample_38,default_agent,meta-llama/llama-3.1-8b-instruct,Graft-versus-host disease,B,C,0.29,False,B,0.81,True,B,0.81,True,True,True,False,False,0.52,0.0,False,True,0,0,2025-12-10T16:47:06.500806,2025-12-10T16:47:54.499580,2025-12-10T16:48:18.526024,2025-12-10T16:49:17.277540,47.998774,24.026444,58.751516
6632626985406fd15c206dcd,usmle_sample_3,default_agent,meta-llama/llama-3.1-8b-instruct,Formation of antibodies to RhD,C,C,0.5,True,C,0.5,True,C,0.5,True,False,False,False,False,0.0,0.0,False,False,0,0,2025-12-10T23:43:05.465786,2025-12-10T23:44:12.173439,2025-12-10T23:45:09.819122,2025-12-10T23:46:14.928460,66.707653,57.645683,65.109338
66aafcc3d4f933f032778877,usmle_sample_3,default_agent,meta-llama/llama-3.1-8b-instruct,Formation of antibodies to RhD,C,C,0.75,True,C,0.75,True,C,0.75,True,False,False,False,False,0.0,0.0,False,False,0,0,2025-12-11T02:11:37.072999,2025-12-11T02:13:48.874611,2025-12-11T02:14:11.075787,2025-12-11T02:15:47.961411,131.801612,22.201176,96.885624
anonymous,usmle_sample_3,default_agent,meta-llama/llama-3.1-405b-instruct,Formation of antibodies to RhD,C,A,0.5,False,A,0.5,False,A,0.5,False,False,False,False,False,0.0,0.0,False,False,0,0,2025-12-09T04:40:52.856028,2025-12-09T04:41:13.747700,2025-12-09T04:41:45.512859,2025-12-09T04:42:04.164867,20.891672,31.765159,18.652008
604bfe99dcaa286218d25fca,usmle_sample_46,default_agent,meta-llama/llama-3.1-8b-instruct,Omental bursa (lesser sac),D,C,0.21,False,C,0.21,False,C,0.21,False,False,False,False,False,0.0,0.0,False,False,0,0,2025-12-11T04:33:23.222373,2025-12-11T04:34:05.044350,2025-12-11T04:34:56.209854,2025-12-11T04:35:17.839916,41.821977,51.165504,21.630062
675a2ef45fbe0cc52b8403ae,usmle_sample_46,default_agent,meta-llama/llama-3.1-8b-instruct,Omental bursa (lesser sac),D,C,0.5,False,C,0.5,False,C,0.5,False,False,False,False,False,0.0,0.0,False,False,0,0,2025-12-10T17:45:52.109892,2025-12-10T17:48:09.598760,2025-12-10T17:48:20.628817,2025-12-10T17:52:45.937773,137.488868,11.030057,265.308956
66aafcc3d4f933f032778877,usmle_sample_59,default_agent,meta-llama/llama-3.1-8b-instruct,The patient's DMD carrier status is uncertain because of random X inactivation,E,E,0.5,True,E,0.5,True,E,0.5,True,False,False,False,False,0.0,0.0,False,False,0,0,2025-12-11T02:11:37.072999,2025-12-11T02:16:37.099731,2025-12-11T02:16:41.937443,2025-12-11T02:17:48.791273,300.026732,4.837712,66.85383
6788253c4b6d46ac0aa809b0,usmle_sample_59,default_agent,meta-llama/llama-3.1-8b-instruct,The patient's DMD carrier status is uncertain because of random X inactivation,E,E,0.8,True,E,0.8,True,E,0.8,True,False,False,False,False,0.0,0.0,False,False,0,0,2025-12-11T00:18:37.421968,2025-12-11T00:32:24.079172,2025-12-11T00:32:48.393892,2025-12-11T00:34:20.096407,826.657204,24.31472,91.702515
5d88db42c1d06e001a1fdcab,usmle_sample_5,default_agent,meta-llama/llama-3.1-8b-instruct,Metformin,C,C,0.5,True,C,0.79,True,C,0.79,True,False,True,False,False,0.29000000000000004,0.0,False,False,0,0,2025-12-10T15:41:44.755120,2025-12-10T15:43:18.876005,2025-12-10T15:43:35.364581,2025-12-10T15:44:13.274055,94.120885,16.488576,37.909474
67dc8ad530b342275638eaa6,usmle_sample_5,default_agent,meta-llama/llama-3.1-8b-instruct,Metformin,C,C,0.2,True,C,0.76,True,C,0.76,True,False,True,False,False,0.56,0.0,False,False,0,0,2025-12-11T01:10:09.637495,2025-12-11T01:11:54.776196,2025-12-11T01:12:24.410495,2025-12-11T01:12:58.770492,105.138701,29.634299,34.359997
63d5b810f3dbbd11e7e65870,usmle_sample_62,default_agent,meta-llama/llama-3.1-8b-instruct,C5a,B,B,1.0,True,B,1.0,True,B,1.0,True,False,False,False,False,0.0,0.0,False,False,0,0,2025-12-10T20:00:26.470246,2025-12-10T20:02:29.374279,2025-12-10T20:02:53.238960,2025-12-10T20:05:05.487903,122.904033,23.864681,132.248943
60fce156003127285462a3bb,usmle_sample_66,default_agent,meta-llama/llama-3.1-8b-instruct,Superficial inguinal,D,D,0.8,True,A,0.6,False,A,0.6,False,True,True,False,False,-0.20000000000000007,0.0,True,False,0,0,2025-12-11T04:20:44.628430,2025-12-11T04:24:06.859858,2025-12-11T04:24:24.558535,2025-12-11T04:25:02.431991,202.231428,17.698677,37.873456
67f0158b01e9ac80ef1ff943,usmle_sample_66,default_agent,meta-llama/llama-3.1-8b-instruct,Superficial inguinal,D,D,0.68,True,D,0.8,True,D,0.8,True,False,True,False,False,0.12,0.0,False,False,0,0,2025-12-10T23:07:44.960019,2025-12-10T23:09:18.500158,2025-12-10T23:09:42.683932,2025-12-10T23:10:12.781793,93.540139,24.183774,30.097861
671d1dcbc6f5d2e81501e24a,usmle_sample_67,default_agent,meta-llama/llama-3.1-8b-instruct,Normal development,E,C,0.21,False,C,0.21,False,E,0.21,True,False,False,True,False,0.0,0.0,False,False,0,0,2025-12-10T15:51:38.318607,2025-12-10T15:54:24.471692,2025-12-10T15:55:00.823813,2025-12-10T15:55:23.251359,166.153085,36.352121,22.427546
67dc8ad530b342275638eaa6,usmle_sample_67,default_agent,meta-llama/llama-3.1-8b-instruct,Normal development,E,E,0.12,True,E,0.47,True,E,0.47,True,False,True,False,False,0.35,0.0,False,False,0,0,2025-12-11T01:10:09.637495,2025-12-11T01:13:47.987766,2025-12-11T01:14:24.228852,2025-12-11T01:14:53.532573,218.350271,36.241086,29.303721
604bfe99dcaa286218d25fca,usmle_sample_71,default_agent,meta-llama/llama-3.1-8b-instruct,Acting out,A,B,0.81,False,B,0.86,False,B,0.86,False,False,True,False,False,0.04999999999999993,0.0,False,False,0,0,2025-12-11T04:33:23.222373,2025-12-11T04:35:54.789525,2025-12-11T04:36:01.714480,2025-12-11T04:36:26.820206,151.567152,6.924955,25.105726
671d1dcbc6f5d2e81501e24a,usmle_sample_71,default_agent,meta-llama/llama-3.1-8b-instruct,Acting out,A,D,0.23,False,D,0.23,False,D,0.23,False,False,False,False,False,0.0,0.0,False,False,0,0,2025-12-10T15:51:38.318607,2025-12-10T15:52:54.872200,2025-12-10T15:53:09.203161,2025-12-10T15:53:43.419899,76.553593,14.330961,34.216738
66f0c0c84e16372a15a5b264,usmle_sample_74,default_agent,meta-llama/llama-3.1-8b-instruct,"""Tell me what you know about the steroid inhalers and how they are supposed to work.""",C,D,0.5,False,D,0.5,False,D,0.5,False,False,False,False,False,0.0,0.0,False,False,0,0,2025-12-11T01:42:47.847659,2025-12-11T01:45:08.291923,2025-12-11T01:45:37.581744,2025-12-11T01:46:04.537824,140.444264,29.289821,26.95608
6788253c4b6d46ac0aa809b0,usmle_sample_74,default_agent,meta-llama/llama-3.1-8b-instruct,"""Tell me what you know about the steroid inhalers and how they are supposed to work.""",C,C,0.5,True,C,0.5,True,C,0.5,True,False,False,False,False,0.0,0.0,False,False,0,0,2025-12-11T00:18:37.421968,2025-12-11T00:35:04.625480,2025-12-11T00:36:00.928316,2025-12-11T00:38:12.645066,987.203512,56.302836,131.71675
63d5b810f3dbbd11e7e65870,usmle_sample_79,default_agent,meta-llama/llama-3.1-8b-instruct,Decreased osteoclast activity,B,C,0.5,False,C,0.74,False,C,0.74,False,False,True,False,False,0.24,0.0,False,False,0,0,2025-12-10T20:00:26.470246,2025-12-10T20:06:10.689756,2025-12-10T20:06:20.034449,2025-12-10T20:06:48.557113,344.21951,9.344693,28.522664
6788253c4b6d46ac0aa809b0,usmle_sample_7,default_agent,meta-llama/llama-3.1-8b-instruct,Immune complex deposition in tissues,C,C,0.9,True,C,0.9,True,C,0.9,True,False,False,False,False,0.0,0.0,False,False,0,0,2025-12-11T00:18:37.421968,2025-12-11T00:19:40.094159,2025-12-11T00:25:11.165311,2025-12-11T00:31:51.678786,62.672191,331.071152,400.513475
6635054dfb8caedd407ca84b,usmle_sample_80,default_agent,meta-llama/llama-3.1-8b-instruct,Statistically significant overall increase in risk,D,D,0.5,True,D,0.5,True,D,1.0,True,False,False,False,True,0.0,0.5,False,False,0,0,2025-12-10T20:31:11.060030,2025-12-10T20:31:51.852981,2025-12-10T20:32:46.407636,2025-12-10T20:35:15.489234,40.792951,54.554655,149.081598
67acb851f56c4346d17bea0a,usmle_sample_80,default_agent,meta-llama/llama-3.1-8b-instruct,Statistically significant overall increase in risk,D,C,0.5,False,C,0.5,False,C,0.5,False,False,False,False,False,0.0,0.0,False,False,0,0,2025-12-11T00:53:10.046817,2025-12-11T00:58:36.200877,2025-12-11T00:59:00.192289,2025-12-11T00:59:21.807261,326.15406,23.991412,21.614972
671d1dcbc6f5d2e81501e24a,usmle_sample_82,default_agent,meta-llama/llama-3.1-8b-instruct,Vascular endothelial growth factor,E,E,0.66,True,E,0.21,True,E,0.21,True,False,True,False,False,-0.45000000000000007,0.0,False,False,0,0,2025-12-10T15:51:38.318607,2025-12-10T15:55:49.568220,2025-12-10T15:56:10.155132,2025-12-10T15:56:31.156946,251.249613,20.586912,21.001814
604bfe99dcaa286218d25fca,usmle_sample_87,default_agent,meta-llama/llama-3.1-8b-instruct,G 1,B,B,0.04,True,B,0.83,True,B,0.83,True,False,True,False,False,0.7899999999999999,0.0,False,False,0,0,2025-12-11T04:33:23.222373,2025-12-11T04:36:45.794977,2025-12-11T04:37:03.359286,2025-12-11T04:37:13.084939,202.572604,17.564309,9.725653
65a30ffbe92ac510f8dee886,usmle_sample_87,default_agent,meta-llama/llama-3.1-8b-instruct,G 1,B,A,0.0,False,B,0.52,True,B,0.52,True,True,True,False,False,0.52,0.0,False,True,1,1,2025-12-10T21:28:24.807272,2025-12-10T21:28:49.835752,2025-12-10T21:30:01.512692,2025-12-10T21:30:27.337906,25.02848,71.67694,25.825214
67acb851f56c4346d17bea0a,usmle_sample_89,default_agent,meta-llama/llama-3.1-8b-instruct,50%,C,D,0.5,False,D,0.63,False,D,0.63,False,False,True,False,False,0.13,0.0,False,False,0,0,2025-12-11T00:53:10.046817,2025-12-11T01:00:16.246568,2025-12-11T01:00:24.482274,2025-12-11T01:00:49.219336,426.199751,8.235706,24.737062
67217c9b294edb50f005d264,usmle_sample_8,default_agent,meta-llama/llama-3.1-8b-instruct,Reassure the patient that her chance of becoming addicted to narcotics is minuscule,A,C,0.5,False,B,0.5,False,B,0.5,False,True,False,False,False,0.0,0.0,False,False,0,0,2025-12-10T16:26:01.030274,2025-12-10T16:26:47.312452,2025-12-10T16:27:20.570287,2025-12-10T16:27:33.876971,46.282178,33.257835,13.306684
5dcf7b49523df00ae9c4e07e,usmle_sample_90,default_agent,meta-llama/llama-3.1-8b-instruct,Thrombotic thrombocytopenic purpura,C,A,0.61,False,C,0.66,True,C,0.66,True,True,True,False,False,0.050000000000000044,0.0,False,True,0,0,2025-12-10T16:47:06.500806,2025-12-10T16:59:50.434588,2025-12-10T17:00:02.856496,2025-12-10T17:00:26.300024,763.933782,12.421908,23.443528
panda,usmle_sample_95,default_agent,meta-llama/llama-3.1-8b-instruct,Apoptosis,A,C,0.5,False,C,0.5,False,C,0.5,False,False,False,False,False,0.0,0.0,False,False,1,0,2025-12-10T19:25:24.623559,2025-12-10T19:25:32.080501,2025-12-10T19:25:36.069338,2025-12-10T19:26:16.887137,7.456942,3.988837,40.817799
67f0158b01e9ac80ef1ff943,usmle_sample_97,default_agent,meta-llama/llama-3.1-8b-instruct,Olfactory nerve,E,C,0.85,False,C,0.85,False,C,0.85,False,False,False,False,False,0.0,0.0,False,False,0,0,2025-12-10T23:07:44.960019,2025-12-10T23:10:24.053709,2025-12-10T23:10:37.518341,2025-12-10T23:11:12.844386,159.09369,13.464632,35.326045
